{
    "players": [
        [
            204315,
            "Patricia",
            "Martins",
            "R",
            19940628,
            "POR"
        ],
        [
            215615,
            "Akari",
            "Kakizawa",
            "U",
            19980910,
            "JPN"
        ],
        [
            206925,
            "Montserrat",
            "Palacios",
            "U",
            19811104,
            "ECU"
        ]
    ],
    "matches": [
        [
            3,
            4,
            23.6221765914,
            "",
            "L",
            183,
            201520,
            "CZE",
            "Petra Kvitova",
            6,
            4370,
            5,
            296,
            72,
            "RR",
            "6-2 6-3",
            "Hard",
            20131021,
            "2013-W-WT-TUR-01A-2013",
            "W",
            "WTA Championships",
            32.0684462697,
            "",
            "R",
            175,
            200033,
            "USA",
            "Serena Williams",
            1,
            12040,
            1,
            2013
        ],
        [
            3,
            64,
            31.2689938398,
            "",
            "R",
            174,
            201320,
            "RUS",
            "Svetlana Kuznetsova",
            7,
            3540,
            9,
            287,
            96,
            "R16",
            "7-6(2) 6-2",
            "Hard",
            20161003,
            "2016-M015",
            "P",
            "Beijing",
            21.626283367600003,
            "",
            "R",
            178,
            201619,
            "USA",
            "Madison Keys",
            9,
            3417,
            8,
            2016
        ],
        [
            3,
            128,
            27.786447638600002,
            "",
            "L",
            178,
            201505,
            "RUS",
            "Ekaterina Makarova",
            31,
            1571,
            30,
            297,
            163,
            "QF",
            "6-7(3) 6-4 6-3",
            "Hard",
            20160321,
            "2016-M007",
            "P",
            "Miami",
            30.7323750856,
            "",
            "R",
            174,
            201320,
            "RUS",
            "Svetlana Kuznetsova",
            19,
            2480,
            15,
            2016
        ]
    ],
    "rankings": [
        [
            20170703,
            1107,
            213521,
            6,
            4
        ],
        [
            20170320,
            613,
            202936,
            37,
            10
        ],
        [
            20030217,
            394,
            201522,
            41,
            7
        ]
    ]
}